{
    "loss": 29.35246467590332,
    "accuracy": 0.5686274766921997
}