{
    "loss": 8.884008407592773,
    "accuracy": 0.5686274766921997
}