{
    "loss": 3.06198787689209,
    "accuracy": 0.5686274766921997
}